Название дивана,Цена,Ссылка на диван
Диван Льери Мини Velvet Light,56 990руб.,https://www.divan.ru/product/divan-leri-mini-velvet-light
Диван Нумо Velvet Yellow,35 990руб.,https://www.divan.ru/product/divan-numo-velvet-yellow
Диван Тут Рядом Дом Серо-графитовый,72 990руб.,https://www.divan.ru/product/divan-tut-ryadom-dom-sero-grafitovyj
Диван угловой Ройн Мини Velvet Olive,39 990руб.,https://www.divan.ru/product/divan-uglovoj-rojn-mini-velvet-olive
Диван угловой Эби-1 Velvet Coral,69 990руб.,https://www.divan.ru/product/divan-uglovoj-ebi-1-velvet-coral
Диван Бруквиль Velvet Blue,46 990руб.,https://www.divan.ru/product/divan-brukvil-velvet-blue
Диван Тут Рядом Космос Светло-Бежевый,109 990руб.,https://www.divan.ru/product/divan-tut-ryadom-kosmos-svetlo-bejevyj
Диван Линс Velvet Navy Blue,29 990руб.,https://www.divan.ru/product/divan-lins-velvet-navy-blue
Диван Нумо Мини Textile Yellow,22 990руб.,https://www.divan.ru/product/divan-numo-mini-textile-yellow
Диван Байма Velvet Grey,69 990руб.,https://www.divan.ru/product/divan-bajma-velvet-grey
Кресло Тут Рядом Дом Сине-бежевый,50 990руб.,https://www.divan.ru/product/kreslo-tut-ryadom-dom-sine-bejevyj
Диван угловой Беллер Textile Yellow,40 990руб.,https://www.divan.ru/product/divan-uglovoj-beller-textile-yellow
Кресло Бенел Cozy Ivory,31 990руб.,https://www.divan.ru/product/kreslo-benel-cozy-ivory
Диван Нумо Velvet Grafit,35 990руб.,https://www.divan.ru/product/divan-numo-velvet-grafit
Пуф Тут Рядом Дом Серо-графитовый,15 990руб.,https://www.divan.ru/product/puf-tut-ryadom-dom-sero-grafitovyj
Диван Роттердам Velvet Yellow,23 990руб.,https://www.divan.ru/product/divan-rotterdam-velvet-yellow
Диван Сваут Velvet Grey,64 990руб.,https://www.divan.ru/product/divan-svaut-velvet-grey
Пуф Дадли Velvet Ocean,3290руб.,https://www.divan.ru/product/puf-dadli-velvet-ocean
Диван Линс Velvet Grafit,29 990руб.,https://www.divan.ru/product/divan-lins-velvet-grafit
Диван Рейли Velvet Coral,30 990руб.,https://www.divan.ru/product/divan-rejli-velvet-coral
Диван угловой Дарол Happy Grey,59 990руб.,https://www.divan.ru/product/divan-uglovoj-darol-happy-grey
Пуф Тут Рядом Красавчик Светло-бежевый,34 990руб.,https://www.divan.ru/product/puf-tut-ryadom-krasavchik-svetlo-bejevyj
Диван Коренс Happy Grey,29 990руб.,https://www.divan.ru/product/divan-korens-happy-grey
Диван угловой Шера Velvet Light,99 990руб.,https://www.divan.ru/product/divan-uglovoj-shera-velve-light
Диван Види Textile Ocean,22 990руб.,https://www.divan.ru/product/divan-vidi-textile-ocean
Пуф Тут Рядом Дом Зеленый,15 990руб.,https://www.divan.ru/product/puf-tut-ryadom-dom-zelenyj
Кресло Гета Soft Silver,29 990руб.,https://www.divan.ru/product/kreslo-geta-soft-silver
Диван угловой Нумо Velvet Yellow,42 990руб.,https://www.divan.ru/product/divan-uglovoj-numo-velvet-yellow
Диван Тут Рядом Дом Сине-бежевый,72 990руб.,https://www.divan.ru/product/divan-tut-ryadom-dom-sine-bejevyj
Диван Сваут Velvet Mustard,64 990руб.,https://www.divan.ru/product/divan-svaut-velvet-mustard
Кресло Элвит Cozy Ivory,26 990руб.,https://www.divan.ru/product/kreslo-elvit-cozy-ivory
Модульный диван Сэндж 2 Textile Yellow,58 970руб.,https://www.divan.ru/product/modulnyj-divan-sendj-2-textile-yellow
Пуф Лонди Cozy Beige,13 990руб.,https://www.divan.ru/product/puf-londi-cozy-beige
Кресло Тут Рядом Дом Розовый,50 990руб.,https://www.divan.ru/product/kreslo-tut-ryadom-dom-rozovyj
Диван Нумо Мини Textile Light,22 990руб.,https://www.divan.ru/product/divan-numo-mini-textile-light
Диван Рейли Velvet Mint,30 990руб.,https://www.divan.ru/product/divan-rejli-velvet-mint
Диван Бонс-Т Happy Yellow,39 990руб.,https://www.divan.ru/product/divan-bons-t-happy-yellow
Диван Риббл-2 Bucle Lilac,65 990руб.,https://www.divan.ru/product/divan-ribbl-2-bucle-lilac
Диван угловой Маркфул Velvet Ocean,79 990руб.,https://www.divan.ru/product/divan-uglovoj-markful-velvet-ocean
Кушетка Роби Textile Coral,16 990руб.,https://www.divan.ru/product/kushetka-robi-textile-coral
Диван угловой Нумо Velvet Grey,42 990руб.,https://www.divan.ru/product/divan-uglovoj-numo-velvet-grey
Пуф Тут Рядом Красавчик Оранжевый,27 990руб.,https://www.divan.ru/product/puf-tut-ryadom-krasavchik-oranjevyj
Кушетка Оренте Soft Sky,40 990руб.,https://www.divan.ru/product/kushetka-orente-soft-sky
Пуф Бане Cozy Ginger,8990руб.,https://www.divan.ru/product/puf-bane-cozy-ginger
Банкетка Аймо Textile Light,7990руб.,https://www.divan.ru/product/banketka-ajmo-textile-light
Диван Лонди Mima Pink,84 990руб.,https://www.divan.ru/product/divan-londi-mima-pink
Кресло Элвит Cozy Emerald,26 990руб.,https://www.divan.ru/product/kreslo-elvit-cozy-emerald
Кресло Тут Рядом Космос-2 Графитовый,79 990руб.,https://www.divan.ru/product/kreslo-tut-ryadom-kosmos-2-grafitovyj
